note-on-p-0.03,note-on-r-0.03,note-on-f-0.03,note-on-off-p-0.03,note-on-off-r-0.03,note-on-off-f-0.03,note-on-p-0.02,note-on-r-0.02,note-on-f-0.02,note-on-off-p-0.02,note-on-off-r-0.02,note-on-off-f-0.02,note-on-p-0.01,note-on-r-0.01,note-on-f-0.01,note-on-off-p-0.01,note-on-off-r-0.01,note-on-off-f-0.01,file
0.3188090050835149,0.608876560332871,0.4184938036224976,0.10167029774872913,0.1941747572815534,0.1334604385128694,0.3166303558460421,0.6047156726768377,0.41563393708293606,0.10021786492374728,0.1914008321775312,0.1315538608198284,0.27596223674655046,0.5270457697642164,0.3622497616777884,0.08714596949891068,0.1664355062413315,0.1143946615824595,MIDI-Unprocessed_11_R1_2009_06-09_ORIG_MID--AUDIO_11_R1_2009_11_R1_2009_07_WAV
0.22939677145284623,0.3448275862068966,0.2755102040816327,0.027187765505522515,0.04086845466155811,0.0326530612244898,0.22259983007646558,0.334610472541507,0.2673469387755102,0.026338147833474938,0.03959131545338442,0.03163265306122449,0.18776550552251486,0.2822477650063857,0.22551020408163266,0.021240441801189464,0.031928480204342274,0.025510204081632654,MIDI-Unprocessed_02_R1_2009_03-06_ORIG_MID--AUDIO_02_R1_2009_02_R1_2009_04_WAV
0.31469194312796206,0.36403508771929827,0.3375699034062023,0.10426540284360189,0.1206140350877193,0.11184544992374174,0.30924170616113744,0.35773026315789475,0.33172343670564314,0.10284360189573459,0.11896929824561403,0.11032028469750887,0.27061611374407585,0.3130482456140351,0.2902897813929842,0.09075829383886255,0.1049890350877193,0.09735638027452974,MIDI-Unprocessed_01_R1_2006_01-09_ORIG_MID--AUDIO_01_R1_2006_04_Track04_wav
0.34080475290305157,0.3254254770500258,0.3329376071758343,0.12530380772346747,0.11964930376482723,0.12241129138636064,0.33108290575209287,0.31614234141309955,0.323440179395858,0.12260329462597894,0.11707065497679216,0.11977311700303389,0.2665406427221172,0.2545126353790614,0.26038781163434904,0.09802862543883338,0.09360495100567302,0.09576573011476058,MIDI-Unprocessed_24_R1_2006_01-05_ORIG_MID--AUDIO_24_R1_2006_03_Track03_wav
0.30025386568197554,0.3204433497536946,0.3100202549743834,0.11493191783983384,0.12266009852216748,0.11867032050518289,0.2900992384029541,0.3096059113300493,0.29953532705826286,0.1107777521347796,0.11822660098522167,0.11438103181222446,0.2464804984998846,0.2630541871921182,0.25449779578219944,0.0955458112162474,0.10197044334975369,0.0986536399380436,MIDI-Unprocessed_11_R1_2009_06-09_ORIG_MID--AUDIO_11_R1_2009_11_R1_2009_08_WAV
0.29476405946994183,0.37654830718414534,0.3306744017403916,0.09265244559362207,0.11835948252133223,0.10394005317863186,0.2895927601809955,0.3699421965317919,0.32487309644670054,0.09028226675285499,0.11533168180567024,0.10128112158569012,0.24240465416936005,0.3096614368290669,0.2719361856417694,0.07821590174531351,0.09991742361684558,0.08774474256707758,MIDI-Unprocessed_Recital13-15_MID--AUDIO_15_R1_2018_wav--1
0.31344038437223415,0.32061562338334193,0.31698740489738503,0.11796687318245037,0.12066735644076565,0.11930183492104086,0.3016816285244658,0.3085876875323332,0.30509558212390514,0.11354153496017196,0.11614071391619245,0.11482641774822581,0.2449108610443798,0.2505173305742369,0.2476823732497922,0.09002402326463523,0.09208484221417486,0.09104277220126591,MIDI-UNPROCESSED_09-10_R1_2014_MID--AUDIO_09_R1_2014_wav--4
0.31752817722502913,0.2832871012482663,0.2994319223016309,0.18888457054022542,0.16851595006934814,0.17811984606926884,0.2895452778857365,0.25832177531206657,0.27304379695803555,0.17061795569374272,0.15221914008321774,0.16089426424775516,0.22386319471434124,0.19972260748959778,0.21110500274876304,0.12708900116595415,0.11338418862690708,0.11984606926882904,MIDI-Unprocessed_11_R1_2009_01-05_ORIG_MID--AUDIO_11_R1_2009_11_R1_2009_04_WAV
0.46613545816733065,0.4934106483921982,0.4793854033290653,0.2848605577689243,0.30152872957301,0.2929577464788733,0.45268924302788843,0.47917764891934633,0.46555697823303455,0.27589641434262946,0.29204006325777543,0.2837387964148527,0.3690239043824701,0.3906167633104902,0.3795134443021767,0.22360557768924302,0.23668950975224037,0.22996158770806657,MIDI-Unprocessed_SMF_17_R1_2004_03-06_ORIG_MID--AUDIO_20_R2_2004_12_Track12_wav--1
0.39944521497919555,0.421978021978022,0.41040256501603134,0.20041608876560332,0.21172161172161172,0.20591378696116852,0.3949375866851595,0.41721611721611723,0.405771286070538,0.19764216366158113,0.2087912087912088,0.2030637691485572,0.34153952843273233,0.3608058608058608,0.35090844317776987,0.1688626907073509,0.1783882783882784,0.17349483434271465,MIDI-Unprocessed_04_R3_2011_MID--AUDIO_R3-D2_05_Track05_wav
0.33444472941779946,0.4700793078586878,0.3908287127229132,0.09181841497819954,0.12905551550108146,0.10729806683650532,0.3211079764042062,0.4513338139870223,0.3752435186572755,0.08874070274429341,0.1247296322999279,0.10370148359058894,0.2610925878430367,0.36697909156452774,0.30511014536190617,0.07335214157476276,0.10310021629416005,0.08571856736100704,MIDI-Unprocessed_05_R1_2008_01-04_ORIG_MID--AUDIO_05_R1_2008_wav--3
0.3927573358174197,0.40467906418716254,0.3986290846776576,0.15789473684210525,0.1626874625074985,0.16025527388760857,0.37389380530973454,0.38524295140971804,0.3794835431070141,0.1537028411737308,0.15836832633473305,0.15600070909413222,0.2864462040055892,0.29514097180563886,0.29072859422088276,0.1212156497438286,0.12489502099580084,0.12302783194469066,MIDI-Unprocessed_R2_D2-12-13-15_mid--AUDIO-from_mp3_12_R2_2015_wav--3
0.09596662030598054,0.3770491803278688,0.15299334811529935,0.004867872044506259,0.01912568306010929,0.007760532150776053,0.09248956884561892,0.3633879781420765,0.14745011086474502,0.004867872044506259,0.01912568306010929,0.007760532150776053,0.0737134909596662,0.2896174863387978,0.11751662971175167,0.0034770514603616135,0.01366120218579235,0.005543237250554323,MIDI-Unprocessed_Recital16_MID--AUDIO_16_R1_2018_wav--3
0.3347500692968678,0.46954380508035254,0.39085171799989216,0.11512519634112538,0.16148263348885433,0.13441933221856625,0.3264344451630786,0.45787973043027475,0.38114245644317385,0.11290769657211494,0.15837221358216694,0.1318301958034414,0.2812528873694909,0.39450492483151894,0.3283888019850046,0.09618405248082787,0.1349144634525661,0.11230379200604132,MIDI-Unprocessed_03_R1_2006_01-05_ORIG_MID--AUDIO_03_R1_2006_04_Track04_wav
0.40757042253521125,0.5249433106575964,0.45887016848364715,0.23943661971830985,0.30839002267573695,0.26957383548067393,0.3996478873239437,0.5147392290249433,0.4499504459861249,0.23591549295774647,0.30385487528344673,0.26560951437066405,0.3248239436619718,0.41836734693877553,0.3657086223984143,0.19102112676056338,0.24603174603174602,0.21506442021803765,MIDI-Unprocessed_09_R3_2008_01-07_ORIG_MID--AUDIO_09_R3_2008_wav--2
0.32043416705993394,0.610062893081761,0.4201732673267327,0.06606890042472864,0.12578616352201258,0.08663366336633661,0.31477111845210004,0.5992812219227314,0.4127475247524753,0.06465313827277018,0.12309074573225516,0.08477722772277228,0.28504011326097217,0.5426774483378257,0.37376237623762376,0.0585181689476168,0.11141060197663971,0.07673267326732673,MIDI-Unprocessed_09_R3_2008_01-07_ORIG_MID--AUDIO_09_R3_2008_wav--1
0.1946264744429882,0.5881188118811881,0.29246676514032494,0.03211009174311927,0.09702970297029703,0.048252092565238804,0.19331585845347313,0.5841584158415841,0.29049729197439683,0.03211009174311927,0.09702970297029703,0.048252092565238804,0.16710353866317168,0.504950495049505,0.25110782865583453,0.02490170380078637,0.07524752475247524,0.03741999015263417,MIDI-UNPROCESSED_01-03_R1_2014_MID--AUDIO_01_R1_2014_wav--2
0.30137594318686195,0.3642703862660944,0.3298518338596065,0.13892587660896583,0.16791845493562232,0.15205246538741804,0.28806036395916557,0.34817596566523606,0.31527811513237797,0.13138038171327118,0.15879828326180256,0.14379402477532185,0.25432756324900135,0.30740343347639487,0.27835802769006557,0.11540168664003551,0.13948497854077252,0.12630556230264756,MIDI-UNPROCESSED_19-21_R3_2014_MID--AUDIO_21_R3_2014_wav--1
0.42013019529293943,0.6097383720930233,0.4974799881411207,0.2073109664496745,0.3008720930232558,0.24547880225318705,0.4156234351527291,0.6031976744186046,0.4921434924399644,0.2058087130696044,0.29869186046511625,0.24369997035280166,0.3540310465698548,0.5138081395348837,0.41921138452416246,0.17676514772158236,0.2565406976744186,0.20930922027868368,MIDI-UNPROCESSED_01-03_R1_2014_MID--AUDIO_01_R1_2014_wav--1
0.423513986013986,0.5474576271186441,0.4775751601774273,0.22945804195804195,0.2966101694915254,0.2587481517989157,0.416520979020979,0.5384180790960452,0.4696895022178412,0.22552447552447552,0.29152542372881357,0.2543124691966486,0.36013986013986016,0.4655367231638418,0.40611138491867915,0.1888111888111888,0.2440677966101695,0.2129127649088221,MIDI-Unprocessed_10_R2_2008_01-05_ORIG_MID--AUDIO_10_R2_2008_wav--2
0.41219723183391005,0.5502309468822171,0.4713155291790307,0.2236159169550173,0.2984988452655889,0.2556874381800198,0.40527681660899656,0.5409930715935335,0.4634025717111771,0.22015570934256054,0.2938799076212471,0.251730959446093,0.3499134948096886,0.46709006928406466,0.4000989119683482,0.18598615916955016,0.24826789838337182,0.21266073194856575,MIDI-Unprocessed_Recital17-19_MID--AUDIO_18_R1_2018_wav--3
0.2996566944580677,0.5579908675799087,0.38991703892788765,0.08631682197155469,0.16073059360730593,0.11231652839821314,0.29573320255026975,0.5506849315068493,0.38481174218251435,0.0853359489946052,0.1589041095890411,0.11104020421186982,0.2545365375183914,0.473972602739726,0.3312061263560945,0.07356547327121138,0.136986301369863,0.09572431397574983,MIDI-Unprocessed_Recital9-11_MID--AUDIO_09_R1_2018_wav--5
0.40206648697214736,0.5261610817166372,0.4558186911128087,0.19137466307277629,0.25044091710758376,0.21695951107715813,0.3858939802336029,0.5049970605526161,0.4374840845429081,0.18553459119496854,0.24279835390946503,0.21033868092691624,0.3247978436657682,0.42504409171075835,0.3682200152788388,0.151392632524708,0.19811875367430923,0.1716322892793481,MIDI-UNPROCESSED_11-13_R1_2014_MID--AUDIO_11_R1_2014_wav--1
0.41089494163424123,0.6139534883720931,0.49230769230769234,0.2140077821011673,0.31976744186046513,0.2564102564102564,0.4038910505836576,0.6034883720930233,0.4839160839160839,0.21089494163424125,0.31511627906976747,0.2526806526806527,0.35330739299610897,0.5279069767441861,0.4233100233100233,0.1867704280155642,0.27906976744186046,0.22377622377622378,MIDI-Unprocessed_10_R2_2008_01-05_ORIG_MID--AUDIO_10_R2_2008_wav--1
0.3111818543573418,0.6926483613817538,0.42943437671608997,0.08953442101074413,0.19929140832595216,0.12355848434925865,0.3087942697970553,0.687333923826395,0.42613948380010985,0.08913649025069638,0.19840566873339238,0.12300933552992861,0.2920811778750497,0.650132860938884,0.40307523338824824,0.08674890569040987,0.19309123117803365,0.11971444261394838,MIDI-Unprocessed_083_PIANO083_MID--AUDIO-split_07-09-17_Piano-e_2_-06_wav--1
0.3595834689228767,0.6071428571428571,0.45166564479869203,0.18125610152945004,0.30604395604395607,0.22767218475372983,0.354376830458835,0.5983516483516483,0.4451256897608829,0.1776765375854214,0.3,0.22317596566523604,0.3036121054344289,0.5126373626373626,0.381361128142244,0.15522290920924178,0.2620879120879121,0.19497240956468426,MIDI-Unprocessed_XP_04_R1_2004_03-05_ORIG_MID--AUDIO_04_R1_2004_06_Track06_wav
0.4086672117743254,0.6015888300433317,0.4867075664621677,0.21455437448896156,0.31584015406836785,0.255526341415912,0.4045789043336059,0.5955705344246509,0.48183854318823643,0.21324611610793132,0.31391429947039,0.25396825396825395,0.35568274734260014,0.5235917188252287,0.4236050248320186,0.18642681929681112,0.274434280211844,0.22202746129126497,MIDI-Unprocessed_01_R1_2006_01-09_ORIG_MID--AUDIO_01_R1_2006_02_Track02_wav
0.418199845764019,0.45862027304578956,0.43747839114901466,0.22055745290294151,0.24187507551045065,0.23072490492105568,0.4091660240167456,0.44871330192098585,0.42802812031808224,0.21659138481877271,0.23752567355321977,0.22657600553186585,0.3410818552385149,0.37404856832185573,0.3568053474703239,0.17891373801916932,0.1962063549595264,0.1871614613345626,MIDI-Unprocessed_059_PIANO059_MID--AUDIO-split_07-07-17_Piano-e_2-03_wav--4
0.38732197710136834,0.4976677430929315,0.43561557788944727,0.15358838313320303,0.1973448152134912,0.1727386934673367,0.3778274225076794,0.48546824542518835,0.4249371859296482,0.14800335101926837,0.1901686401148188,0.16645728643216082,0.32923764311644793,0.42303552206673845,0.37028894472361806,0.12678022898631666,0.16289917473986365,0.14258793969849246,ORIG-MIDI_02_7_6_13_Group__MID--AUDIO_08_R1_2013_wav--4
0.4130033247137052,0.3609945108169196,0.3852515506547209,0.21684521610639085,0.1895382628350016,0.20227429359062715,0.39970446989287034,0.3493703584113658,0.37284631288766373,0.208348725526413,0.18211172102034226,0.1943487250172295,0.3420760990025859,0.2989990313206329,0.31909028256374916,0.17768747691171038,0.15531159186309332,0.16574776016540319,MIDI-Unprocessed_14_R1_2008_01-05_ORIG_MID--AUDIO_14_R1_2008_wav--3
0.42823529411764705,0.386411889596603,0.40625,0.1465546218487395,0.13224143160448892,0.13903061224489793,0.41680672268907565,0.37609948437973917,0.3954081632653061,0.14151260504201682,0.12769184106763726,0.13424744897959182,0.35126050420168065,0.3169548074006673,0.33322704081632654,0.11394957983193277,0.10282074613284804,0.10809948979591837,MIDI-Unprocessed_06_R1_2008_01-04_ORIG_MID--AUDIO_06_R1_2008_wav--3
0.4498654104979812,0.39685366577619474,0.4217000473111497,0.1692462987886945,0.14930246363906205,0.15865005519634126,0.43943472409152085,0.38765212229148116,0.41192240971455607,0.164535666218035,0.14514692787177205,0.15423434789465384,0.3718034993270525,0.3279905016325319,0.34852546916890076,0.1386271870794078,0.12229148115167705,0.129947957735373,MIDI-Unprocessed_17_R1_2008_01-04_ORIG_MID--AUDIO_17_R1_2008_wav--3
0.4415954415954416,0.3993558776167472,0.4194148486385929,0.3084045584045584,0.2789049919484702,0.2929139184846947,0.42948717948717946,0.3884057971014493,0.4079147640791477,0.29772079772079774,0.2692431561996779,0.2827667850498901,0.3333333333333333,0.30144927536231886,0.3165905631659056,0.23433048433048434,0.21191626409017714,0.22256046000338237,ORIG-MIDI_02_7_6_13_Group__MID--AUDIO_08_R1_2013_wav--5
0.4556873691556176,0.417786308381318,0.4359145527369826,0.28227494766224703,0.25879718490083176,0.27002670226969294,0.4459176552686671,0.4088291746641075,0.4265687583444593,0.27424982554082344,0.2514395393474088,0.2623497997329773,0.37787857641311934,0.34644913627639157,0.3614819759679573,0.2292393579902303,0.21017274472168906,0.21929238985313754,MIDI-Unprocessed_02_R1_2011_MID--AUDIO_R1-D1_10_Track10_wav
0.42452830188679247,0.4162330905306972,0.42033977465117633,0.24433962264150944,0.23956526766100128,0.24192889252145483,0.41474056603773585,0.40663660538790614,0.4106486076244965,0.23726415094339623,0.23262804948548965,0.2349232296106019,0.3553066037735849,0.3483639727136085,0.3518010391733318,0.2037735849056604,0.19979188345473464,0.20176309183256466,MIDI-Unprocessed_04_R1_2008_01-04_ORIG_MID--AUDIO_04_R1_2008_wav--4
0.3911532385466035,0.42324786324786323,0.40656814449917894,0.25223802001053186,0.2729344729344729,0.26217843459222767,0.3835703001579779,0.41504273504273503,0.3986863711001642,0.24655081621906266,0.2667806267806268,0.2562671045429666,0.3083728278041074,0.3336752136752137,0.32052545155993434,0.19589257503949448,0.21196581196581196,0.20361247947454844,MIDI-Unprocessed_R2_D2-12-13-15_mid--AUDIO-from_mp3_13_R2_2015_wav--4
0.4339636578519722,0.3462807968878934,0.38519538421190663,0.23090559905451322,0.1842508546504774,0.20495672698662468,0.4188949623282612,0.33425674879170103,0.3718200891686336,0.2221155266656818,0.1772368265943652,0.19715447154471544,0.344068547791402,0.2745490981963928,0.3054025701547338,0.1811198109026444,0.14452434280325357,0.16076580120639916,MIDI-Unprocessed_07_R1_2006_01-04_ORIG_MID--AUDIO_07_R1_2006_04_Track04_wav
0.38143712574850297,0.28649447442816756,0.32721802304248915,0.19657827202737382,0.1476484194294526,0.1686357965803185,0.360393498716852,0.2706887689539964,0.3091656270639172,0.1855431993156544,0.13936006168080184,0.1591692962500917,0.2772455089820359,0.20823695708044204,0.23783664783151098,0.1407185628742515,0.10569262400411206,0.12071622514126368,MIDI-UNPROCESSED_11-13_R1_2014_MID--AUDIO_13_R1_2014_wav--6
0.4269088844734601,0.3088929965085233,0.35843660629170637,0.20720976440533637,0.14992811665639763,0.17397521448999048,0.4112971898949759,0.2975970425138632,0.3453288846520496,0.19472040874254895,0.14089135346066956,0.163489037178265,0.31933011637808684,0.23105360443622922,0.26811248808388943,0.14646608004541584,0.1059765865680838,0.12297426120114395,ORIG-MIDI_01_7_7_13_Group__MID--AUDIO_13_R1_2013_wav--3
0.3974358974358974,0.38205570618683754,0.3895940681161241,0.18461538461538463,0.1774710377125955,0.18097272841523188,0.381025641025641,0.36628050283460684,0.3735076033681035,0.17794871794871794,0.17106236135075178,0.1744376021113485,0.3171794871794872,0.30490510229233425,0.31092120145783586,0.1458974358974359,0.1402514173034262,0.14301872565037074,MIDI-Unprocessed_04_R3_2008_01-07_ORIG_MID--AUDIO_04_R3_2008_wav--6
0.42591463414634145,0.33509234828496043,0.37508390387971535,0.2149390243902439,0.1691053010314224,0.18928715263793797,0.4115853658536585,0.32381866154953226,0.36246476037051956,0.2070121951219512,0.16286879347565364,0.18230634984561686,0.3204268292682927,0.2520988246581914,0.2821855282588267,0.16463414634146342,0.1295274646198129,0.1449859041482078,MIDI-Unprocessed_Recital17-19_MID--AUDIO_19_R1_2018_wav--3
0.30431837425910246,0.3515258215962441,0.32622310973949353,0.09737510584250635,0.11248043818466354,0.10438413361169102,0.2919559695173582,0.33724569640062596,0.31297086321140055,0.09314140558848434,0.10758998435054773,0.09984569301987838,0.23878069432684165,0.27582159624413144,0.25596804937823364,0.07298899237933955,0.08431142410015649,0.07824271580285014,MIDI-Unprocessed_04_R3_2008_01-07_ORIG_MID--AUDIO_04_R3_2008_wav--7
0.27169811320754716,0.37676609105180536,0.31572023679017763,0.026037735849056602,0.03610675039246468,0.03025652269239202,0.24754716981132074,0.34327577184720043,0.2876562157421618,0.02339622641509434,0.032443746729461015,0.02718702039026529,0.1932075471698113,0.26792255363683937,0.22451216838412627,0.018867924528301886,0.026164311878597593,0.021925016443762334,MIDI-Unprocessed_04_R3_2008_01-07_ORIG_MID--AUDIO_04_R3_2008_wav--3
0.42393669634025716,0.35108125819134994,0.3840845953938525,0.2310583580613254,0.1913499344692005,0.20933775427905726,0.4100890207715134,0.3396133682830931,0.371538668339457,0.2211671612265084,0.18315858453473133,0.20037637781163187,0.31948565776458954,0.26458060288335516,0.2894524598978403,0.16933728981206725,0.1402359108781127,0.15341876512232278,ORIG-MIDI_01_7_6_13_Group__MID--AUDIO_01_R1_2013_wav--4
0.4349262277031491,0.3215041510662543,0.36971171845750656,0.20920502092050208,0.15464756633566662,0.177836016473231,0.4153270204800705,0.3070161159042813,0.353051291651067,0.19687293547676724,0.1455314992674589,0.16735305129165107,0.32019378991411585,0.23669216994953607,0.2721827031074504,0.14203919841444615,0.10499755819632102,0.12074129539498314,ORIG-MIDI_01_7_7_13_Group__MID--AUDIO_11_R1_2013_wav--4
0.43505903723887374,0.3747457361915193,0.40265635507733694,0.2125340599455041,0.18306994210608668,0.19670477471418965,0.41743869209809265,0.35956814270067283,0.38634835238735704,0.2025431425976385,0.17446409012674072,0.18745796906523202,0.3413260672116258,0.29400719762165545,0.3159045057162071,0.15985467756584923,0.13769363166953527,0.14794889038332212,MIDI-Unprocessed_14_R1_2011_MID--AUDIO_R1-D6_04_Track04_wav
0.3564493758668516,0.3704059572423733,0.3632936741665685,0.1183541377716135,0.12298822964208503,0.12062669336788785,0.34766527970411465,0.3612779245736248,0.35434091176817056,0.11604253351826167,0.12058611578188806,0.1182707032630463,0.3007397133610726,0.3125150132116262,0.3065143126398869,0.09523809523809523,0.09896709104011531,0.09706679231947225,MIDI-Unprocessed_075_PIANO075_MID--AUDIO-split_07-08-17_Piano-e_2-06_wav--3
0.418792624400101,0.4048840048840049,0.41172088403277873,0.20308158625915634,0.19633699633699633,0.19965234666004467,0.4109623642333923,0.3973137973137973,0.40402284579091136,0.19929275069461985,0.19267399267399268,0.1959274894462379,0.32659762566304623,0.31575091575091574,0.3210826918301465,0.15180601161909574,0.14676434676434677,0.14924261236652597,MIDI-Unprocessed_065_PIANO065_MID--AUDIO-split_07-07-17_Piano-e_3-01_wav--3
0.3277717976318622,0.2436,0.2794860027535567,0.15984930032292788,0.1188,0.13630105553005964,0.3065123789020452,0.2278,0.26135842129417164,0.14666307857911734,0.109,0.12505736576411197,0.2327771797631862,0.173,0.1984855438274438,0.11571582346609258,0.086,0.09866911427260211,MIDI-Unprocessed_08_R1_2009_01-04_ORIG_MID--AUDIO_08_R1_2009_08_R1_2009_04_WAV
0.36270022883295194,0.33158995815899583,0.34644808743169403,0.09687261632341723,0.08856345885634588,0.09253187613843351,0.35583524027459956,0.3253138075313807,0.33989071038251367,0.09458428680396644,0.08647140864714087,0.09034608378870675,0.2993897787948131,0.27370990237099024,0.2859744990892532,0.07665903890160183,0.0700836820083682,0.073224043715847,MIDI-Unprocessed_08_R1_2009_01-04_ORIG_MID--AUDIO_08_R1_2009_08_R1_2009_03_WAV
0.3767697197341809,0.4116161616161616,0.3934228390405793,0.17682750650101126,0.19318181818181818,0.18464323427364612,0.3650390060676105,0.39880050505050507,0.38117363101523616,0.17295579312337475,0.1889520202020202,0.1806003922160205,0.29921987864778965,0.3268939393939394,0.31244531603560116,0.13949725512857555,0.1523989898989899,0.14566299592698748,MIDI-Unprocessed_080_PIANO080_MID--AUDIO-split_07-09-17_Piano-e_1-06_wav--3
0.4057502826683896,0.5518453427065027,0.4676533556734617,0.21127443062510096,0.28734622144112476,0.24350740016755096,0.3991277661120982,0.5428383128295254,0.4600204784510844,0.20739783556775965,0.2820738137082601,0.23903937447640322,0.34275561298659346,0.46616871704745166,0.39504793819231127,0.17396220319819092,0.23659929701230228,0.2005026528902541,MIDI-Unprocessed_072_PIANO072_MID--AUDIO-split_07-08-17_Piano-e_1-06_wav--2
0.43855606758832566,0.49901682324666813,0.4668369954011241,0.24270353302611367,0.27616342582477604,0.25835462442514046,0.429531490015361,0.48874808826742405,0.457230454777721,0.23771121351766514,0.27048284902774744,0.25304036791006645,0.3584869431643625,0.40790911077124753,0.3816044966785897,0.19911674347158217,0.22656762071225695,0.21195707715891668,MIDI-Unprocessed_02_R2_2011_MID--AUDIO_R2-D1_02_Track02_wav
0.35935397039030953,0.4364782811770201,0.3941790572603606,0.13208998269563546,0.16043904717421764,0.14489085732363177,0.34877908094597193,0.423633815973844,0.3825793525255721,0.12997500480676794,0.15787015413358244,0.14257091637667407,0.3059027110171121,0.37155534796823914,0.3355478224190657,0.1147856181503557,0.13942083138720224,0.12590952230306865,MIDI-Unprocessed_04_R2_2008_01-04_ORIG_MID--AUDIO_04_R2_2008_wav--3
0.3509625555320499,0.3913658881811748,0.3700646888244479,0.15591284112544954,0.173861759849021,0.16439884006245817,0.34313518087581973,0.38263741448454824,0.3618112870845416,0.15252803046329597,0.17008728473696627,0.16082980147222842,0.29849799026866936,0.3328615239443265,0.31474459067588667,0.13391157182145125,0.14932767162066526,0.14120008922596478,MIDI-Unprocessed_10_R2_2008_01-05_ORIG_MID--AUDIO_10_R2_2008_wav--4
0.35495716034271724,0.5225225225225225,0.42274052478134105,0.12729498164014688,0.1873873873873874,0.15160349854227406,0.34516523867809057,0.5081081081081081,0.4110787172011662,0.12607099143206854,0.18558558558558558,0.15014577259475217,0.31211750305997554,0.4594594594594595,0.3717201166180758,0.11444308445532436,0.16846846846846847,0.13629737609329445,MIDI-Unprocessed_R2_D1-2-3-6-7-8-11_mid--AUDIO-from_mp3_03_R2_2015_wav--1
0.36499032882011606,0.43781902552204177,0.3981012658227848,0.15841392649903288,0.1900232018561485,0.17278481012658226,0.3555125725338491,0.42645011600928073,0.3877637130801687,0.15725338491295937,0.18863109048723897,0.17151898734177212,0.3090909090909091,0.3707656612529002,0.3371308016877637,0.1367504835589942,0.16403712296983758,0.14915611814345991,MIDI-Unprocessed_R2_D1-2-3-6-7-8-11_mid--AUDIO-from_mp3_06_R2_2015_wav--1
0.3843603744149766,0.44542372881355935,0.41264524233225164,0.1626365054602184,0.18847457627118644,0.17460483617711717,0.36953978159126366,0.42824858757062145,0.39673401025855753,0.15951638065522622,0.18485875706214688,0.17125510310897102,0.3166926677067083,0.36700564971751415,0.3399979064168325,0.13845553822152887,0.16045197740112993,0.1486444048989846,MIDI-Unprocessed_R2_D2-19-21-22_mid--AUDIO-from_mp3_19_R2_2015_wav--3
0.2765957446808511,0.4231642694928085,0.3345302214242969,0.0628401781296388,0.09613928841786526,0.07600239377618194,0.26917367639782286,0.4118092354277063,0.32555356074207065,0.06259277585353785,0.09576078728236184,0.07570317175344105,0.22761009401286492,0.34822104466313397,0.2752842609216038,0.05195447798119743,0.07948523845571537,0.0628366247755835,ORIG-MIDI_01_7_8_13_Group__MID--AUDIO_07_R2_2013_wav--2
0.23924800412052535,0.3539047619047619,0.28549477566072523,0.0836981715168684,0.12380952380952381,0.09987707437000615,0.23100695338655677,0.3417142857142857,0.27566072526121693,0.08266804017512233,0.12228571428571429,0.0986478180700676,0.19392222508369816,0.28685714285714287,0.23140749846342965,0.06876126706155035,0.10171428571428572,0.08205285802089736,MIDI-Unprocessed_23_R2_2011_MID--AUDIO_R2-D6_03_Track03_wav
0.3262765764128657,0.5059884458221784,0.3967298237861128,0.10448846083954207,0.16204029871776807,0.12705076506656354,0.3175540614210431,0.49246160349443424,0.38612384687620843,0.1032164274032346,0.16006763421163872,0.12550406010053583,0.2726694530256224,0.42285472734958435,0.33154725736065843,0.08795202616754498,0.13639566013808652,0.10694360050820306,MIDI-Unprocessed_078_PIANO078_MID--AUDIO-split_07-09-17_Piano-e_1-02_wav--2
0.29565686538980307,0.4638171815488785,0.3611202635914333,0.07337469652009711,0.11510791366906475,0.08962108731466228,0.28756406797949824,0.4511214557765552,0.35123558484349254,0.07175613703803614,0.11256876851460008,0.08764415156507413,0.25060695980577286,0.3931443080829454,0.30609555189456344,0.06312381980037766,0.09902666102412187,0.0771004942339374,MIDI-Unprocessed_071_PIANO071_MID--AUDIO-split_07-08-17_Piano-e_1-04_wav--2
0.2705469435507458,0.3899662731871838,0.3194612329476774,0.0739982451009067,0.1066610455311973,0.08737696425487827,0.26001754899093305,0.3747892074198988,0.30702814712484894,0.07078093009651945,0.10202360876897133,0.08357796580901398,0.21205030710734132,0.30564924114671166,0.2503885339319634,0.05674173735010237,0.081787521079258,0.06700051804524262,ORIG-MIDI_02_7_10_13_Group_MID--AUDIO_12_R3_2013_wav--2
0.376865671641791,0.4611872146118721,0.41478439425051333,0.12953091684434967,0.15851272015655576,0.1425638017013787,0.36007462686567165,0.4406392694063927,0.39630390143737165,0.12446695095948827,0.15231572080887149,0.13699031974185977,0.30357142857142855,0.3714938030006523,0.33411557641537104,0.10421108742004265,0.12752772341813437,0.1146963919037841,MIDI-Unprocessed_083_PIANO083_MID--AUDIO-split_07-09-17_Piano-e_2_-06_wav--3
0.3065473895272615,0.4061925199264255,0.34940447413527886,0.11837741960360916,0.156856734109953,0.1349272623390322,0.2936685432251099,0.38912732474964234,0.33472509119676525,0.11506130947790545,0.152462701818925,0.13114754098360656,0.2419218014961055,0.3205599836501124,0.27574385795279743,0.09485617336315262,0.12568976088289394,0.10811761086450138,MIDI-Unprocessed_Recital9-11_MID--AUDIO_09_R1_2018_wav--1
0.24808150304313312,0.341033102946526,0.2872242647058823,0.061391902619740674,0.08439432520916697,0.071078431372549,0.23432124900767398,0.322117133503092,0.27129289215686275,0.05980418100026462,0.0822117133503092,0.06924019607843138,0.18457263826409104,0.25372862859221534,0.21369485294117646,0.04458851548028579,0.061295016369588944,0.05162377450980393,MIDI-Unprocessed_16_R2_2009_01_ORIG_MID--AUDIO_16_R2_2009_16_R2_2009_01_WAV
0.26801207091663526,0.39815074250490334,0.32036974411002145,0.06921916258015844,0.10282992434855702,0.08274151730357344,0.2523576009053187,0.374894928551415,0.30165708488332765,0.06601282534892493,0.0980666853460353,0.07890880396798557,0.2101093926820068,0.31213224992995237,0.2511554503438169,0.05337608449641645,0.07929391986550854,0.0638034043512569,MIDI-Unprocessed_16_R2_2009_01_ORIG_MID--AUDIO_16_R2_2009_16_R2_2009_02_WAV
0.37092095721537344,0.4219716760621477,0.3948028558564353,0.1847957457094513,0.2102296163893854,0.19669389592847494,0.35351704133430023,0.40217241853430497,0.3762783816813533,0.17657722987672225,0.20087996700123745,0.18794622756801957,0.2909112883732173,0.33095008937164855,0.3096417315237666,0.14237370074933528,0.1619689261652688,0.15154049012671253,MIDI-Unprocessed_16_R2_2009_01_ORIG_MID--AUDIO_16_R2_2009_16_R2_2009_04_WAV
0.2512639029322548,0.31993746551407026,0.2814724919093851,0.06138957099523328,0.07816810741217584,0.06877022653721683,0.23681929799219992,0.3015449696523818,0.26529126213592236,0.0582117579084212,0.07412175832260438,0.06521035598705502,0.19095767730752564,0.24314879529152106,0.213915857605178,0.04600606673407482,0.058580099319477656,0.05153721682847896,MIDI-UNPROCESSED_19-20-21_R2_2014_MID--AUDIO_20_R2_2014_wav
0.33574131406948743,0.43090507726269317,0.37741686001546787,0.14086687306501547,0.18079470198675496,0.1583526682134571,0.3159614723082215,0.4055187637969095,0.3551817478731632,0.13364293085655315,0.171523178807947,0.1502320185614849,0.2648778809769522,0.33995584988962474,0.2977571539056458,0.11145510835913312,0.14304635761589404,0.12529002320185614,MIDI-Unprocessed_03_R1_2009_03-08_ORIG_MID--AUDIO_03_R1_2009_03_R1_2009_03_WAV
0.3606953977720266,0.40748744676794,0.38266630853254546,0.1738494430066389,0.19640246615394394,0.18443907243262603,0.3490491729492517,0.3943303883556855,0.3703106813501656,0.16844829526274332,0.19030064196275345,0.17870892649297163,0.2903116912343873,0.32797305027648893,0.307995344256424,0.1383481489816586,0.15629568423059811,0.14677530068343925,MIDI-Unprocessed_10_R1_2006_01-04_ORIG_MID--AUDIO_10_R1_2006_03_Track03_wav
0.3728995352163032,0.3944780635400908,0.38338540709428415,0.15302109402931713,0.16187594553706505,0.15732402131961037,0.3661065427243475,0.38729198184568836,0.3764013968020585,0.14837325706113694,0.15695915279878972,0.15254548796177175,0.31712549159814085,0.3354765506807867,0.3260430068002205,0.1294243832677869,0.13691376701966718,0.1330637750413527,MIDI-Unprocessed_Recital9-11_MID--AUDIO_09_R1_2018_wav--2
0.41414977244518,0.3770244821092279,0.39471608832807575,0.15928837401737692,0.14500941619585686,0.15181388012618297,0.39842780306164666,0.36271186440677966,0.37973186119873814,0.15473727761688044,0.14086629001883239,0.1474763406940063,0.2925113777410012,0.26629001883239173,0.2787854889589906,0.11294993793959454,0.10282485875706214,0.10764984227129339,MIDI-Unprocessed_XP_18_R1_2004_01-02_ORIG_MID--AUDIO_18_R1_2004_03_Track03_wav
0.37094972067039106,0.29943630214205186,0.33137866500311913,0.20782122905027933,0.1677564825253664,0.1856519026824704,0.34720670391061453,0.2802705749718151,0.31016843418590145,0.19217877094972066,0.15512965050732808,0.1716781035558328,0.25865921787709495,0.20879368658399097,0.2310667498440424,0.1418994413407821,0.11454340473506201,0.12676232064878354,MIDI-Unprocessed_XP_18_R1_2004_01-02_ORIG_MID--AUDIO_18_R1_2004_05_Track05_wav
0.4056503198294243,0.3604926575082899,0.381740657135691,0.16631130063965885,0.147797252486973,0.1565086531226486,0.39339019189765456,0.34959734722880154,0.37020316027088035,0.1631130063965885,0.14495499763145428,0.1534988713318284,0.29637526652452023,0.2633822832780673,0.27890644594933534,0.11780383795309168,0.10468972051160587,0.1108602959618761,MIDI-Unprocessed_R1_D1-1-8_mid--AUDIO-from_mp3_05_R1_2015_wav--4
0.4276649746192893,0.3173258003766478,0.3643243243243243,0.16624365482233502,0.12335216572504708,0.14162162162162162,0.4232233502538071,0.314030131826742,0.3605405405405405,0.1649746192893401,0.1224105461393597,0.14054054054054052,0.3483502538071066,0.2584745762711864,0.2967567567567568,0.13007614213197968,0.09651600753295668,0.1108108108108108,MIDI-Unprocessed_R1_D1-1-8_mid--AUDIO-from_mp3_06_R1_2015_wav--6
0.4241556954779622,0.35471517472474867,0.3863399374348279,0.18431597023468804,0.15414073719483007,0.1678832116788321,0.4127074985689754,0.34514121589277164,0.37591240875912413,0.180881511161992,0.15126854954523697,0.16475495307612095,0.3354321694333143,0.28051699377692674,0.30552659019812306,0.14481969089868346,0.12111057922450934,0.1319082377476538,MIDI-Unprocessed_R1_D1-9-12_mid--AUDIO-from_mp3_11_R1_2015_wav--3
0.3834056399132321,0.3328625235404896,0.3563508064516129,0.1540130151843818,0.1337099811676083,0.14314516129032262,0.3747288503253796,0.3253295668549906,0.3482862903225807,0.15130151843817788,0.13135593220338984,0.14062500000000003,0.3036876355748373,0.263653483992467,0.28225806451612895,0.11822125813449023,0.10263653483992467,0.10987903225806452,MIDI-Unprocessed_R1_D2-21-22_mid--AUDIO-from_mp3_22_R1_2015_wav--3
0.41257000622277534,0.3106841611996251,0.3544506816359262,0.1537025513378967,0.11574507966260543,0.13205025394279604,0.3995021779713752,0.30084348641049674,0.34322373696872494,0.14872433105164903,0.11199625117150891,0.12777332264100505,0.3260734287492221,0.24554826616682288,0.2801390002673082,0.11761045426260112,0.08856607310215557,0.10104250200481155,MIDI-Unprocessed_07_R1_2011_MID--AUDIO_R1-D3_03_Track03_wav
0.3510301109350238,0.35270700636942676,0.35186656076250994,0.11014263074484945,0.1106687898089172,0.11040508339952343,0.347068145800317,0.3487261146496815,0.34789515488482925,0.10776545166402536,0.10828025477707007,0.108022239872915,0.3011093502377179,0.30254777070063693,0.30182684670373316,0.0919175911251981,0.09235668789808917,0.09213661636219221,MIDI-Unprocessed_24_R1_2011_MID--AUDIO_R1-D9_11_Track11_wav
0.2587443946188341,0.3241573033707865,0.2877805486284289,0.07309417040358744,0.09157303370786517,0.08129675810473815,0.25112107623318386,0.3146067415730337,0.27930174563591026,0.07174887892376682,0.0898876404494382,0.07980049875311722,0.2103139013452915,0.26348314606741574,0.23391521197007484,0.060089686098654706,0.07528089887640449,0.06683291770573566,MIDI-Unprocessed_R1_D1-9-12_mid--AUDIO-from_mp3_12_R1_2015_wav--3
0.18736462093862816,0.3151183970856102,0.2350011319900385,0.03537906137184116,0.05950212507589557,0.04437400950871633,0.18411552346570398,0.30965391621129323,0.2309259678514829,0.034657039711191336,0.058287795992714025,0.043468417477926194,0.16570397111913357,0.2786885245901639,0.2078333710663346,0.0296028880866426,0.04978749241044323,0.03712927326239529,MIDI-Unprocessed_22_R2_2011_MID--AUDIO_R2-D5_10_Track10_wav
0.30673543689320387,0.42712294043092525,0.3570545647183472,0.08100728155339806,0.11280101394169835,0.09429630937665548,0.3012742718446602,0.41951837769328265,0.3506975101536289,0.07949029126213593,0.1106886354034643,0.09253046088645595,0.277002427184466,0.3857203210815378,0.3224439343104361,0.07129854368932038,0.09928179129700042,0.08299487903937841,MIDI-Unprocessed_02_R1_2009_03-06_ORIG_MID--AUDIO_02_R1_2009_02_R1_2009_03_WAV
0.2896825396825397,0.42565597667638483,0.3447461629279811,0.08475056689342404,0.12453144523115368,0.1008601787822567,0.28401360544217685,0.417326114119117,0.3379996626749873,0.08361678004535147,0.12286547271970012,0.09951087873165794,0.2508503401360544,0.3685964181591004,0.29853263619497383,0.07341269841269842,0.10787172011661808,0.08736717827626919,MIDI-UNPROCESSED_01-03_R1_2014_MID--AUDIO_03_R1_2014_wav--4
0.23073787199347737,0.3555276381909548,0.2798516687268232,0.05625764370158989,0.08668341708542714,0.06823238566131028,0.22951487973909498,0.353643216080402,0.2783683559950556,0.05544231553200163,0.08542713567839195,0.06724351050679851,0.19527109661638808,0.3008793969849246,0.2368355995055624,0.044027721157766,0.0678391959798995,0.05339925834363411,MIDI-Unprocessed_057_PIANO057_MID--AUDIO-split_07-07-17_Piano-e_1-07_wav--3
0.2310704960835509,0.46866725507502205,0.3095307490527543,0.04612706701479547,0.09355692850838482,0.061789565724278635,0.22715404699738903,0.46072374227714036,0.3042844651705043,0.04569190600522193,0.09267431597528684,0.06120664529291752,0.19930374238468232,0.4042365401588703,0.2669775575633926,0.037859007832898174,0.07678729037952339,0.05071407752841738,MIDI-Unprocessed_17_R2_2008_01-04_ORIG_MID--AUDIO_17_R2_2008_wav--1
0.3414747615724587,0.315631047086648,0.32804469273743014,0.15352407536636428,0.1419049666738336,0.14748603351955308,0.32937892533147245,0.30445065577295205,0.31642458100558657,0.1477087694812747,0.136529778542249,0.14189944134078214,0.2702954175389625,0.24983874435605247,0.2596648044692737,0.12188881135147708,0.11266394323801333,0.1170949720670391,MIDI-Unprocessed_09_R2_2008_01-05_ORIG_MID--AUDIO_09_R2_2008_wav--3
0.37037037037037035,0.36853110297961317,0.3694484475304598,0.1423693196742842,0.14166231050705697,0.14201493515000657,0.35631731021801943,0.3545478306325144,0.3554303681383467,0.13790386130811663,0.1372190277051751,0.13756059216559674,0.29550827423167847,0.2940407736539467,0.29477269749770735,0.11268715524034673,0.11212754835337167,0.11240665531245905,MIDI-Unprocessed_15_R1_2006_01-05_ORIG_MID--AUDIO_15_R1_2006_02_Track02_wav
0.36880147924020845,0.35698014969085584,0.36279454319966925,0.12405446293494705,0.12007809957696063,0.12203389830508475,0.35653050932929903,0.3451025056947608,0.3507234394377842,0.11985207597915616,0.11601041327692808,0.11789995866060356,0.28273659438561105,0.2736739342661894,0.27813145928069455,0.09211632207093629,0.0891636836967133,0.0906159570070277,ORIG-MIDI_03_7_8_13_Group__MID--AUDIO_19_R2_2013_wav--4
0.4014830508474576,0.3622749721204397,0.3808726237333557,0.1696680790960452,0.15309861398757368,0.16095804371493175,0.3889477401129944,0.3509638362274972,0.3689808223766854,0.1650776836158192,0.14895650788593276,0.15660329955615107,0.3158545197740113,0.2850087621475227,0.29963989615610076,0.12888418079096045,0.11629759439222559,0.12226781676576502,MIDI-Unprocessed_22_R2_2011_MID--AUDIO_R2-D5_11_Track11_wav
0.3099473816086194,0.38710686903457986,0.34425659222152644,0.09909797043347532,0.12376779846659365,0.11006748765045571,0.2986720120270609,0.37302456579565013,0.3317331106936617,0.0942119769481333,0.11766546706305743,0.10464064565504765,0.24743172137308944,0.30902832107651385,0.27482084463925416,0.07704835880731646,0.0962290721326866,0.08557712377374244,MIDI-Unprocessed_17_R1_2006_01-06_ORIG_MID--AUDIO_17_R1_2006_02_Track02_wav
0.3204022988505747,0.37141905396402397,0.34402962048750385,0.10833333333333334,0.12558294470353099,0.11632212280160445,0.31005747126436783,0.35942704863424385,0.3329219376735576,0.10488505747126436,0.12158560959360426,0.11261956186362233,0.260632183908046,0.3021319120586276,0.27985189756248074,0.08836206896551724,0.10243171219187208,0.0948781240357914,MIDI-Unprocessed_12_R1_2008_01-04_ORIG_MID--AUDIO_12_R1_2008_wav--4
0.28669275929549903,0.32137261046693827,0.30304373522458633,0.08890131395023763,0.0996552804763397,0.09397163120567374,0.27718758736371263,0.3107176433719837,0.2929964539007092,0.08652502096729102,0.09699153870260106,0.09145981087470449,0.2309197651663405,0.25885302413036665,0.24408983451536642,0.0708694436678781,0.07944218113444061,0.07491134751773049,MIDI-Unprocessed_01_R1_2009_01-04_ORIG_MID--AUDIO_01_R1_2009_01_R1_2009_04_WAV
0.2811332904056664,0.3415206508135169,0.3083986720350356,0.08679974243399871,0.10544430538172717,0.09521791339973158,0.27095943335479716,0.32916145181476847,0.2972381154199336,0.0824211204121056,0.10012515644555695,0.0904146358691813,0.2283322601416613,0.277377972465582,0.25047679593134137,0.06928525434642627,0.08416770963704631,0.07600480327753055,MIDI-Unprocessed_07_R1_2009_01-03_ORIG_MID--AUDIO_07_R1_2009_07_R1_2009_03_WAV
0.3691649377593361,0.5181073703366696,0.4311350041644582,0.13018672199170125,0.1827115559599636,0.15204058453850233,0.3620331950207469,0.508098271155596,0.4228060876807754,0.12863070539419086,0.1805277525022748,0.15022336639660783,0.31872406639004147,0.4473157415832575,0.37222684939804646,0.11216286307053942,0.15741583257506825,0.1309911410615583,MIDI-Unprocessed_19_R1_2011_MID--AUDIO_R1-D7_15_Track15_wav
0.3714326080813789,0.4758371040723982,0.4172022534317226,0.13732692851087877,0.17592760180995476,0.15424898833611045,0.36337948573043233,0.4655203619909502,0.40815678806633343,0.13435998869737215,0.1721266968325792,0.15091644846465127,0.30220401243289063,0.3871493212669683,0.3394429897643418,0.10921164170669681,0.13990950226244345,0.12266920574466397,ORIG-MIDI_01_7_6_13_Group__MID--AUDIO_04_R1_2013_wav--4
0.2931655899353961,0.30444915254237287,0.2987008487787979,0.09581774906494389,0.09950564971751412,0.09762688376927073,0.277796667800068,0.2884887005649718,0.2830417460592413,0.09098945936756206,0.09449152542372881,0.09270743114498527,0.22067324039442365,0.22916666666666666,0.22483977134938507,0.07120027201632098,0.0739406779661017,0.07254460419192794,MIDI-Unprocessed_Recital5-7_MID--AUDIO_06_R1_2018_wav--3
0.33442885059513233,0.31836631151699646,0.3261999653439612,0.12684313377154025,0.12075088787417554,0.12372205856870559,0.3195949546988808,0.30424488415355994,0.31173106913879745,0.12160241605969088,0.11576188060206324,0.11861029284352798,0.25777225084384436,0.24539151023169287,0.25142956160110896,0.09664238763545922,0.09200067647556232,0.09426442557615662,ORIG-MIDI_02_7_10_13_Group_MID--AUDIO_14_R3_2013_wav--2
0.39149242970439796,0.45237434046098307,0.4197371811388817,0.18288872867099254,0.21133018605942794,0.19608348363823755,0.37707281903388606,0.4357123021382949,0.4042772481319247,0.17760153809180484,0.2052207720077756,0.1904148415356867,0.3150684931506849,0.3640655373507359,0.33779953620200975,0.15044460466234078,0.17384059983337963,0.16129863437258438,MIDI-Unprocessed_R1_D2-13-20_mid--AUDIO-from_mp3_15_R1_2015_wav--4
0.3151470316256704,0.5209416080709264,0.3927172159483752,0.10837802848159793,0.17915010700091716,0.13505415994468772,0.31015350471610875,0.5126872516050137,0.3864945840055312,0.10726835583502867,0.1773158055640477,0.13367135284627793,0.25282041797669685,0.41791501070009174,0.315049550587693,0.08710930275568707,0.14399266279425252,0.10855035722516708,ORIG-MIDI_01_7_10_13_Group_MID--AUDIO_07_R3_2013_wav--1
0.2114705882352941,0.5275128393250184,0.30191056057106863,0.025294117647058825,0.06309611151870873,0.036111694310308626,0.20823529411764705,0.5194424064563463,0.29729162292672684,0.025294117647058825,0.06309611151870873,0.036111694310308626,0.1923529411764706,0.4798239178283199,0.27461683812723076,0.023529411764705882,0.058694057226705794,0.033592273777031285,MIDI-Unprocessed_11_R1_2011_MID--AUDIO_R1-D4_07_Track07_wav
0.3068607068607069,0.5616438356164384,0.3968808819575155,0.07733887733887734,0.1415525114155251,0.1000268889486421,0.29812889812889815,0.545662100456621,0.38558752352783005,0.07733887733887734,0.1415525114155251,0.1000268889486421,0.25571725571725573,0.4680365296803653,0.33073406829792956,0.06652806652806653,0.121765601217656,0.0860446356547459,MIDI-Unprocessed_R1_D1-1-8_mid--AUDIO-from_mp3_02_R1_2015_wav--1
0.3161764705882353,0.5016202203499676,0.3878727136056126,0.09354575163398693,0.14841218405703174,0.11475820596341768,0.31086601307189543,0.4931950745301361,0.3813580556251566,0.0923202614379085,0.14646791963707065,0.11325482335254324,0.27818627450980393,0.44134802333117307,0.3412678526685041,0.08251633986928104,0.13091380427738172,0.10122776246554747,MIDI-Unprocessed_13_R1_2008_01-04_ORIG_MID--AUDIO_13_R1_2008_wav--1
0.31314330958036424,0.5073765234124439,0.3872705018359854,0.08907363420427554,0.14432328415651058,0.11015911872705017,0.3072050673000792,0.49775497113534317,0.37992656058751534,0.08828186856690419,0.14304041051956382,0.1091799265605875,0.2442596991290578,0.3957665169980757,0.3020807833537331,0.07165479018210609,0.11610006414368185,0.08861689106487147,ORIG-MIDI_01_7_6_13_Group__MID--AUDIO_04_R1_2013_wav--1
0.2769607843137255,0.563189747241011,0.37131792043187417,0.0428921568627451,0.08721965112139551,0.05750498767750264,0.2710084033613445,0.5510857956568174,0.3633376364276493,0.04254201680672269,0.08650765396938412,0.05703555920666589,0.22514005602240897,0.45781416874332503,0.3018425067480343,0.03606442577030812,0.07333570665717337,0.04835113249618589,MIDI-Unprocessed_XP_03_R1_2004_01-02_ORIG_MID--AUDIO_03_R1_2004_01_Track01_wav
0.3294065347855079,0.5032258064516129,0.39817302525523907,0.07068237386085797,0.10797962648556876,0.08543793659322944,0.32362747277172704,0.49439728353140916,0.3911875335840945,0.07001555901311403,0.10696095076400679,0.084631918323482,0.2945098910869082,0.44991511035653653,0.35599140247178934,0.06445876861524784,0.09847198641765705,0.07791509940891994,MIDI-Unprocessed_03_R1_2008_01-04_ORIG_MID--AUDIO_03_R1_2008_wav--1
0.3034317984361425,0.5102264426588751,0.3805502587850722,0.08449174630755864,0.1420745069393718,0.10596567692726777,0.29430929626411817,0.49488677867056247,0.36910923454099703,0.08362293657688966,0.14061358655953252,0.10487605557068919,0.2599913119026933,0.4371804236669102,0.3260691909561428,0.07363162467419634,0.12381300219138057,0.09234540997003542,MIDI-Unprocessed_11_R3_2008_01-04_ORIG_MID--AUDIO_11_R3_2008_wav--1
0.38529411764705884,0.6121495327102804,0.47292418772563183,0.16806722689075632,0.26702269692923897,0.2062919030428056,0.3815126050420168,0.6061415220293725,0.46828261990716863,0.1676470588235294,0.26635514018691586,0.20577617328519857,0.3420168067226891,0.5433911882510013,0.4198040226921093,0.14915966386554622,0.2369826435246996,0.18308406395048996,MIDI-Unprocessed_18_R1_2011_MID--AUDIO_R1-D7_07_Track07_wav
0.34996249062265566,0.6162483487450462,0.44641148325358854,0.16129032258064516,0.28401585204755614,0.20574162679425836,0.34621155288822203,0.6096433289299867,0.4416267942583732,0.16054013503375844,0.28269484808454426,0.20478468899521532,0.3090772693173293,0.5442536327608983,0.39425837320574164,0.1485371342835709,0.261558784676354,0.18947368421052632,MIDI-Unprocessed_053_PIANO053_MID--AUDIO-split_07-06-17_Piano-e_3-04_wav--1
0.39378238341968913,0.5833333333333334,0.47017233760494925,0.1702442635085122,0.25219298245614036,0.20326999558108702,0.38897113249444853,0.5762061403508771,0.4644277507733098,0.1702442635085122,0.25219298245614036,0.20326999558108702,0.3534418948926721,0.5235745614035088,0.4220061864781264,0.15655070318282754,0.23190789473684212,0.1869200176756518,MIDI-Unprocessed_14_R1_2008_01-05_ORIG_MID--AUDIO_14_R1_2008_wav--1
0.26226323457989315,0.5383848454636092,0.3527106466361855,0.03788246721709568,0.07776669990029911,0.05094709340300457,0.2535211267605634,0.5204386839481555,0.340953625081646,0.03739679456046625,0.07676969092721835,0.050293925538863485,0.21515298688683826,0.44167497507477566,0.2893533638145003,0.029868868382710054,0.0613160518444666,0.04016982364467668,ORIG-MIDI_01_7_7_13_Group__MID--AUDIO_11_R1_2013_wav--1
0.365166609412573,0.5257171117705243,0.4309750658828299,0.15596015115080727,0.22453016815034618,0.1840664909791202,0.35863964273445553,0.516320474777448,0.4232718426920738,0.1556166265888011,0.22403560830860533,0.18366105817960673,0.2992098935073858,0.4307616221562809,0.3531319683762416,0.12744761250429407,0.1834817012858556,0.15041556861950134,MIDI-Unprocessed_R1_D1-9-12_mid--AUDIO-from_mp3_11_R1_2015_wav--2
0.31513828238719066,0.6302765647743813,0.42018437651625423,0.08988355167394468,0.17976710334788937,0.11984473556525958,0.31149927219796214,0.6229985443959243,0.4153323629306162,0.08988355167394468,0.17976710334788937,0.11984473556525958,0.28820960698689957,0.5764192139737991,0.38427947598253276,0.08551673944687045,0.1710334788937409,0.11402231926249394,MIDI-Unprocessed_07_R1_2011_MID--AUDIO_R1-D3_02_Track02_wav
0.24415677813736067,0.5014771048744461,0.32841596130592504,0.034519956850053934,0.07090103397341212,0.0464328899637243,0.23948220064724918,0.4918759231905465,0.32212817412333733,0.034519956850053934,0.07090103397341212,0.0464328899637243,0.20747932398417834,0.4261447562776957,0.279081015719468,0.02912621359223301,0.05982274741506647,0.03917775090689238,MIDI-Unprocessed_R1_D1-1-8_mid--AUDIO-from_mp3_07_R1_2015_wav--1
0.2294557097118463,0.4746136865342163,0.3093525179856115,0.044823906083244394,0.09271523178807947,0.06043165467625899,0.22589825684809675,0.4672553348050037,0.30455635491606714,0.044823906083244394,0.09271523178807947,0.06043165467625899,0.18605478477410176,0.38484179543782193,0.2508393285371703,0.03735325506937033,0.0772626931567329,0.050359712230215826,ORIG-MIDI_01_7_6_13_Group__MID--AUDIO_03_R1_2013_wav--1
0.25468540829986613,0.556693489392831,0.34948335246842704,0.040829986613119144,0.08924652523774688,0.056027554535017225,0.24564926372155288,0.5369422092172641,0.3370838117106774,0.04049531459170013,0.08851499634235552,0.05556831228473019,0.22389558232931728,0.4893928310168252,0.30723306544202067,0.036479250334672024,0.07973664959765911,0.050057405281285876,MIDI-Unprocessed_056_PIANO056_MID--AUDIO-split_07-07-17_Piano-e_1-05_wav--1
0.3370190181335692,0.40057074196455394,0.36605702913221017,0.12756681620016427,0.15162210874136378,0.13855814432282196,0.32450875086876857,0.385701411835386,0.3524688604467625,0.12377582611992165,0.1471162511264644,0.13444051744844387,0.26928666203323437,0.32006608591168517,0.2924887623099887,0.10178808365451444,0.12098227696004807,0.1105582815770511,MIDI-Unprocessed_15_R1_2009_01-02_ORIG_MID--AUDIO_15_R1_2009_15_R1_2009_02_WAV
0.40319258496395466,0.597254004576659,0.48140178296956654,0.1972193614830072,0.2921434019832189,0.23547494620350445,0.3967559217301751,0.5877192982456141,0.47371656932062717,0.19438722966014418,0.28794813119755913,0.2320934521979711,0.3434603501544799,0.5087719298245614,0.4100830003074085,0.16683831101956745,0.2471395881006865,0.19920073778051028,MIDI-Unprocessed_04_R1_2011_MID--AUDIO_R1-D2_03_Track03_wav
0.40367775831873903,0.6163101604278075,0.4878306878306878,0.14652656158785757,0.22370766488413546,0.17707231040564375,0.396964389959136,0.6060606060606061,0.4797178130511464,0.14506713368359603,0.22147950089126558,0.17530864197530865,0.36719206071220084,0.5606060606060606,0.4437389770723104,0.1342673671920607,0.20499108734402852,0.16225749559082892,MIDI-Unprocessed_12_R1_2008_01-04_ORIG_MID--AUDIO_12_R1_2008_wav--1
0.370946127043688,0.6088869335679719,0.4610259826782145,0.15572232645403378,0.2556093268807743,0.19353764157228515,0.36451353524524255,0.5983282006159261,0.45303131245836104,0.1541141785044224,0.25296964364276286,0.19153897401732178,0.30313588850174217,0.49758029036515616,0.3767488341105929,0.12731171267756633,0.2089749230092389,0.1582278481012658,ORIG-MIDI_01_7_7_13_Group__MID--AUDIO_14_R1_2013_wav--2
0.3722077922077922,0.6323918799646955,0.4686069326357096,0.12701298701298702,0.21579876434245365,0.15990843688685416,0.36623376623376624,0.6222418358340689,0.46108567691301505,0.12571428571428572,0.21359223300970873,0.15827338129496404,0.2966233766233766,0.5039717563989409,0.37344669718770435,0.09610389610389611,0.16328331862312445,0.12099411379986921,ORIG-MIDI_02_7_7_13_Group__MID--AUDIO_19_R1_2013_wav--2
0.3132333767926988,0.6002498438475953,0.4116513171985436,0.11473272490221642,0.2198625858838226,0.15078175198115226,0.3060625814863103,0.5865084322298564,0.4022274576997216,0.11245110821382008,0.2154903185509057,0.1477832512315271,0.25488917861799215,0.4884447220487195,0.33497536945812806,0.09485006518904825,0.18176139912554654,0.1246519597344185,MIDI-Unprocessed_XP_19_R1_2004_01-02_ORIG_MID--AUDIO_19_R1_2004_02_Track02_wav
0.3925729442970822,0.5638095238095238,0.4628616106333073,0.206631299734748,0.2967619047619048,0.2436278342455043,0.3806366047745358,0.5466666666666666,0.44878811571540267,0.20371352785145888,0.2925714285714286,0.24018764659890537,0.2973474801061008,0.42704761904761906,0.35058639562157934,0.15570291777188328,0.2236190476190476,0.18358092259577796,MIDI-Unprocessed_R1_D1-1-8_mid--AUDIO-from_mp3_04_R1_2015_wav--2
0.45947875758657625,0.5709849157054127,0.5091988130563798,0.2620492681185291,0.3256433007985803,0.29040553907022754,0.4519814352017137,0.5616681455190772,0.5008902077151336,0.25705105319528737,0.3194321206743567,0.28486646884273,0.39628704034273476,0.49245785270629994,0.4391691394658754,0.22420564084255623,0.27861579414374443,0.24846686449060332,MIDI-Unprocessed_05_R1_2011_MID--AUDIO_R1-D2_10_Track10_wav
0.40339980385746976,0.43588837866478275,0.41901528013582345,0.23733246158875448,0.25644648534086895,0.2465195246179966,0.39293886891140895,0.4245849523136701,0.40814940577249575,0.2312847335730631,0.24991169198163193,0.2402376910016978,0.3241255312193527,0.35022960084775695,0.33667232597623087,0.18421052631578946,0.19904627340162487,0.19134125636672328,MIDI-Unprocessed_Recital13-15_MID--AUDIO_14_R1_2018_wav--3
0.3935286401399213,0.319375443577005,0.35259549461312434,0.22584171403585482,0.1832860184528034,0.20235063663075417,0.3804110188019239,0.30872959545777146,0.34084231145935356,0.21665937909925667,0.17583392476933996,0.19412340842311462,0.3132925229558373,0.2542583392476934,0.28070519098922625,0.17271534761696547,0.14017033356990774,0.1547502448579824,MIDI-UNPROCESSED_14-15_R1_2014_MID--AUDIO_15_R1_2014_wav--2
0.39431137724550896,0.5047911077041012,0.4427634896621281,0.1218562874251497,0.1559984668455347,0.13682971928055135,0.38592814371257483,0.4940590264469145,0.4333501428811565,0.12125748502994012,0.1552318896128785,0.1361573373676248,0.3383233532934132,0.4331161364507474,0.3798957808034964,0.10568862275449102,0.13530088156381756,0.11867540763153472,MIDI-Unprocessed_09_R1_2011_MID--AUDIO_R1-D3_13_Track13_wav
0.28649160160870596,0.3791484032561052,0.32637110901495753,0.09817837709959783,0.12993112085159675,0.11184476485648835,0.2777383487106695,0.3675641828428303,0.3163994070879935,0.09557605867045185,0.12648716343143393,0.10888020482414769,0.23278921220723917,0.30807764558547274,0.26519337016574585,0.07854270167967826,0.10394489668127739,0.08947581188519067,MIDI-Unprocessed_06_R1_2008_01-04_ORIG_MID--AUDIO_06_R1_2008_wav--2
0.33521691578563617,0.4700920245398773,0.39135986380080867,0.12304046664236237,0.17254601226993865,0.1436475845924665,0.3217280349981772,0.4511758691206544,0.3756118323047457,0.11921254101348888,0.16717791411042945,0.1391785486273675,0.2765220561429092,0.38778118609406953,0.32283464566929126,0.1028071454611739,0.1441717791411043,0.120025537348372,MIDI-Unprocessed_044_PIANO044_MID--AUDIO-split_07-06-17_Piano-e_1-04_wav--2
0.4208612975391499,0.46109068627450983,0.4400584795321637,0.23909395973154363,0.2619485294117647,0.25000000000000006,0.4082774049217002,0.44730392156862747,0.42690058479532167,0.232662192393736,0.2549019607843137,0.2432748538011696,0.3347315436241611,0.36672794117647056,0.35,0.18736017897091722,0.20526960784313725,0.195906432748538,MIDI-Unprocessed_046_PIANO046_MID--AUDIO-split_07-06-17_Piano-e_2-02_wav--2
0.4267219057483169,0.4890207715133531,0.4557522123893805,0.15976178146038322,0.1830860534124629,0.17063053097345135,0.4075608493008804,0.46706231454005936,0.435287610619469,0.15639564992232005,0.17922848664688426,0.16703539823008848,0.32729155877783533,0.37507418397626113,0.3495575221238938,0.1250647332988089,0.14332344213649853,0.13357300884955753,MIDI-Unprocessed_049_PIANO049_MID--AUDIO-split_07-06-17_Piano-e_2-06_wav--2
0.39561354802887283,0.42767106842737096,0.4110181713296799,0.18628539700166574,0.20138055222088835,0.19353908278050186,0.38367573570238755,0.414765906362545,0.39861551773867904,0.1804553026096613,0.195078031212485,0.1874819728872224,0.3189894503053859,0.34483793517406963,0.3314104413037208,0.14602998334258746,0.15786314525810324,0.15171618113642918,MIDI-Unprocessed_05_R1_2008_01-04_ORIG_MID--AUDIO_05_R1_2008_wav--2
0.37696180041456917,0.3850574712643678,0.3809666317522071,0.19099792715427893,0.19509981851179672,0.19302708364506957,0.367782055078472,0.37568058076225047,0.37168936106538975,0.18774059816405092,0.19177253478523895,0.18973514888523116,0.31122297897542195,0.3179068360556564,0.3145294029627413,0.1599052413384661,0.16333938294010888,0.16160407002843033,MIDI-Unprocessed_17_R1_2008_01-04_ORIG_MID--AUDIO_17_R1_2008_wav--2
0.35822306238185253,0.47654972966176284,0.4090001618734149,0.15803402646502834,0.21023513139695713,0.18043489990827175,0.3489603024574669,0.4642273355966302,0.3984244320941024,0.1546313799621928,0.20570853765874514,0.17654993794852425,0.26862003780718335,0.357349427888847,0.30669616360006474,0.11247637051039698,0.14962907079089652,0.12841957589165273,MIDI-Unprocessed_R1_D1-1-8_mid--AUDIO-from_mp3_06_R1_2015_wav--2
0.3882561376866616,0.47360296387774004,0.4267037552155772,0.19362186788154898,0.23618400740969436,0.21279554937413073,0.3788914198936978,0.4621796850879901,0.4164116828929068,0.19007846114907617,0.23186168570546464,0.2089012517385257,0.31688180207542394,0.38653905526397037,0.3482614742698192,0.1571753986332574,0.191725841309046,0.17273991655076498,MIDI-Unprocessed_09_R1_2008_01-05_ORIG_MID--AUDIO_09_R1_2008_wav--2
0.37797619047619047,0.47432306255835666,0.42070393374741194,0.1884920634920635,0.23653906006847183,0.209799861973775,0.3687996031746032,0.4628073451602863,0.4104899930986887,0.1840277777777778,0.23093681917211328,0.20483091787439614,0.314484126984127,0.39464674758792406,0.3500345065562457,0.15674603174603174,0.19670090258325554,0.17446514837819185,MIDI-Unprocessed_18_R1_2008_01-04_ORIG_MID--AUDIO_18_R1_2008_wav--2
0.35088859991330734,0.4333898456321942,0.3877999121721426,0.16088715503539952,0.19871508878379585,0.17781148948061798,0.34221933246640657,0.42268225216382616,0.3782186913649247,0.15821413090593844,0.1954135807977157,0.17485727973172582,0.269108510330877,0.33238154724725616,0.2974170625573875,0.1242595000722439,0.15347550637994112,0.13733083157012257,MIDI-UNPROCESSED_04-05_R1_2014_MID--AUDIO_04_R1_2014_wav--2
0.40753194351042366,0.5576687116564417,0.47092345551094417,0.21676754091010983,0.29662576687116565,0.2504856883823339,0.39878950907868194,0.5457055214723926,0.4608211371583992,0.21452589105581707,0.293558282208589,0.24789535034321983,0.3313158484644699,0.45337423312883435,0.38285196218106465,0.17843532840170365,0.2441717791411043,0.2061909079134827,MIDI-Unprocessed_066_PIANO066_MID--AUDIO-split_07-07-17_Piano-e_3-02_wav--2
0.37910558545184636,0.4677197802197802,0.4187762631956544,0.1998515494525886,0.24656593406593408,0.22076457927641693,0.3701985526071627,0.4567307692307692,0.40893717331146867,0.19632584895156802,0.24221611721611722,0.21686993953059341,0.31991092967155316,0.3946886446886447,0.35338731167367016,0.16737799220634625,0.2065018315018315,0.18489289740698986,MIDI-Unprocessed_10_R1_2008_01-04_ORIG_MID--AUDIO_10_R1_2008_wav--2
0.38126009693053314,0.5429031515988038,0.44794533548448323,0.21760904684975768,0.30986887508626637,0.25567049444813517,0.37318255250403876,0.5314009661835749,0.4384549682072696,0.21421647819063006,0.30503795721187027,0.2516845401917054,0.292891760904685,0.4170692431561997,0.34412071747176615,0.16575121163166398,0.2360248447204969,0.19474233652842368,MIDI-Unprocessed_R1_D1-1-8_mid--AUDIO-from_mp3_05_R1_2015_wav--3
0.3140899179732115,0.5194916709599863,0.3914844053319529,0.1296853909251376,0.2144942469517431,0.1616409990940857,0.30464126258955454,0.5038639876352395,0.379707519088909,0.12719343785692036,0.21037266014082087,0.15853500711789828,0.2468071851313467,0.4082088270650867,0.3076226219748932,0.09915896583947668,0.16400480851794608,0.12359259738579008,MIDI-Unprocessed_R1_D1-9-12_mid--AUDIO-from_mp3_09_R1_2015_wav--2
0.41518687637409096,0.5737321804159851,0.48175039246467816,0.21968543886352104,0.3035756017761159,0.25490580847723704,0.406561812954507,0.561813507828932,0.47174254317111464,0.21647217994249957,0.2991353119887824,0.25117739403453687,0.3524437679688821,0.4870296798317364,0.4089481946624804,0.18467782851344494,0.25519981304043,0.21428571428571427,MIDI-Unprocessed_065_PIANO065_MID--AUDIO-split_07-07-17_Piano-e_3-01_wav--2
0.3184201328206921,0.4315490288962577,0.3664521319388577,0.09612023767913316,0.13027001421127427,0.11061946902654866,0.3103809856693464,0.4206537186167693,0.3572003218020917,0.094023068857043,0.12742775935575557,0.10820595333869672,0.27228241873470815,0.36901942207484606,0.3133547868061143,0.08458580915763719,0.11463761250592136,0.09734513274336283,MIDI-Unprocessed_23_R1_2011_MID--AUDIO_R1-D9_03_Track03_wav
0.3480253878702398,0.46710837671557026,0.3988684582743988,0.1304654442877292,0.17510648367250356,0.1495251565972924,0.34203102961918197,0.45906294368196876,0.39199838351182054,0.12976022566995768,0.17415996213913867,0.1487169125075773,0.2725669957686883,0.3658305726455277,0.31238634067488386,0.10155148095909731,0.1362991008045433,0.11638714891897353,MIDI-Unprocessed_R1_D2-13-20_mid--AUDIO-from_mp3_16_R1_2015_wav--2
0.3051706011660136,0.3762667923638935,0.3370098685946488,0.11058013953932906,0.13634221069997643,0.12211726212465038,0.293032591035076,0.3613009662974311,0.3236054673069819,0.10723501863710216,0.13221777044543956,0.11842313578552958,0.24505399980885023,0.3021447089323592,0.2706211409573065,0.08993596482844309,0.11088852227197737,0.09931922528893346,MIDI-Unprocessed_09_R1_2009_01-04_ORIG_MID--AUDIO_09_R1_2009_09_R1_2009_03_WAV
0.36446268875531446,0.4844587352625938,0.41597992051871996,0.1773933440844451,0.2357984994640943,0.20246810290734155,0.351781263744319,0.4676020656728052,0.401505961096005,0.1732150711039437,0.23024456786514663,0.19769922610332566,0.2690954405512388,0.3576926824515249,0.3071323990796905,0.13238528075062309,0.17597193802981584,0.15109809663250365,MIDI-Unprocessed_XP_15_R1_2004_03_ORIG_MID--AUDIO_15_R1_2004_03_Track03_wav
0.3679519825391051,0.4645235361653272,0.41063635440982443,0.20298290287377227,0.2562571756601607,0.22652999086572614,0.35649327028010186,0.4500574052812859,0.3978483710545011,0.19789014186977083,0.24982778415614237,0.22084644270780474,0.26573299381593307,0.3354764638346728,0.2965594235258297,0.1440523826846126,0.18185993111366247,0.16076321932406373,ORIG-MIDI_02_7_7_13_Group__MID--AUDIO_16_R1_2013_wav--2
0.29582806573957016,0.40681502086230875,0.3425559947299078,0.11807838179519596,0.16237830319888735,0.13672961499048455,0.28128950695322374,0.38682197496522946,0.32572097789489085,0.11441213653603034,0.15733657858136302,0.13248426291904553,0.23780025284450063,0.3270166898470097,0.2753623188405797,0.09683944374209862,0.1331710709318498,0.11213585126628606,MIDI-Unprocessed_17_R1_2009_01-03_ORIG_MID--AUDIO_17_R1_2009_17_R1_2009_01_WAV
0.31170721563734666,0.32516268980477225,0.31829281240046714,0.066126013724267,0.06898047722342733,0.06752309162331457,0.29881472239550844,0.3117136659436009,0.30512793290158197,0.06383863589103764,0.06659436008676789,0.065187387196093,0.2362237471407777,0.24642082429501086,0.24121456630215524,0.048658764815970056,0.050759219088937095,0.049686803269986195,MIDI-Unprocessed_16_R1_2006_01-04_ORIG_MID--AUDIO_16_R1_2006_02_Track02_wav
0.30104421239724505,0.3077447195094254,0.30435759209344115,0.09975560986447456,0.10197592550533727,0.10085354896675652,0.28860253277049547,0.29502611855553035,0.29177897574123995,0.09375694290157743,0.09584374290256643,0.09478885893980235,0.23550322150633193,0.24074494662729956,0.2380952380952381,0.07198400355476561,0.07358619123325005,0.07277628032345014,MIDI-Unprocessed_17_R1_2009_01-03_ORIG_MID--AUDIO_17_R1_2009_17_R1_2009_02_WAV
0.3198770778041626,0.3992329149232915,0.355176424970919,0.09624249196815197,0.12011854951185495,0.106863125242342,0.31009917586255065,0.38702928870292885,0.3443195036835983,0.0930297527587652,0.11610878661087866,0.1032958511050795,0.25310797597429807,0.3158995815899582,0.28103916246607213,0.07431205475625087,0.09274755927475593,0.08251260178363706,MIDI-UNPROCESSED_01-03_R1_2014_MID--AUDIO_02_R1_2014_wav--4
0.3414687936484599,0.41069849690539345,0.3728976839401116,0.09615525986914651,0.1156498673740053,0.10500541885762453,0.327942365654635,0.39442970822281165,0.3581262794524947,0.0912298757626994,0.10972590627763042,0.09962670091919881,0.255090788796589,0.3068081343943413,0.27856942158712317,0.06932294346835256,0.08337754199823165,0.07570344799903664,MIDI-Unprocessed_XP_11_R1_2004_01-02_ORIG_MID--AUDIO_11_R1_2004_02_Track02_wav
0.33134155744024674,0.39354395604395603,0.3597739640016744,0.12740940632228218,0.15132783882783882,0.13834240267894515,0.32054741711642254,0.3807234432234432,0.34805357890330685,0.12451811873554357,0.1478937728937729,0.13520301381331104,0.27409406322282187,0.32554945054945056,0.297614064462118,0.10832690824980724,0.12866300366300365,0.11762243616575972,MIDI-Unprocessed_23_R3_2011_MID--AUDIO_R3-D8_04_Track04_wav
0.4161084529505582,0.42575065274151436,0.42087433457009193,0.18771929824561404,0.1920691906005222,0.18986933376351023,0.3990430622009569,0.408289817232376,0.40361348604613645,0.18086124401913875,0.18505221932114882,0.18293273108565897,0.3242424242424242,0.33175587467362927,0.327956121955154,0.14433811802232854,0.14768276762402088,0.14599128891756735,MIDI-Unprocessed_06_R1_2006_01-04_ORIG_MID--AUDIO_06_R1_2006_02_Track02_wav
0.4196659204408473,0.29482216307766757,0.34633695729410935,0.1754778715343551,0.12327607065085894,0.14481631492929725,0.40158429481660063,0.2821195257682071,0.33141476586371066,0.16617874978474256,0.11674328574885072,0.13714204505080652,0.3287411744446358,0.23094604403580934,0.2712996518155333,0.13294299982779403,0.09339462859908057,0.1097136360406452,MIDI-UNPROCESSED_11-13_R1_2014_MID--AUDIO_13_R1_2014_wav--4
0.44472557415336705,0.3701603758302284,0.40403147378657944,0.21837290774620474,0.18175927425886926,0.19839094686588277,0.43226936551187234,0.3597926453912198,0.39271505614004065,0.2125340599455041,0.17689940061558398,0.1930863760940677,0.32522382249902687,0.2706949619309898,0.2954645919900981,0.15940054495912806,0.132674550461688,0.1448147820705508,MIDI-UNPROCESSED_19-20_R1_2014_MID--AUDIO_19_R1_2014_wav--8
0.40140969162995593,0.3576699638875805,0.37827964131517766,0.19964757709251102,0.17789291882556132,0.18814347392892725,0.38237885462555066,0.3407128277594599,0.36034540019926936,0.19154185022026432,0.17067043491913958,0.1805048156758552,0.293215859030837,0.2612655047888208,0.2763201594154766,0.14466960352422908,0.1289056366776574,0.1363334440385254,MIDI-Unprocessed_SMF_02_R1_2004_01-05_ORIG_MID--AUDIO_02_R1_2004_10_Track10_wav
0.43543975816899383,0.3761034439885615,0.4036024016010674,0.22484525694544408,0.19420614198682085,0.2084056037358239,0.41989347919965453,0.3626756185502922,0.3891927951967979,0.21664027637829278,0.18711923411662315,0.20080053368912607,0.35223837627752985,0.3042397115504165,0.32648432288192125,0.17734273787246294,0.15317667536988686,0.16437625083388926,MIDI-Unprocessed_20_R1_2009_01-05_ORIG_MID--AUDIO_20_R1_2009_20_R1_2009_02_WAV
0.33698101062117797,0.27401203873331587,0.3022517321016166,0.09591245574509173,0.0779900549594347,0.08602771362586605,0.31606050852912776,0.2570007851347815,0.28348729792147803,0.08818796266495012,0.07170897670766815,0.07909930715935334,0.2536208561313164,0.20622873593300184,0.22748267898383376,0.07016414547795301,0.05705312745354619,0.06293302540415703,MIDI-Unprocessed_Recital17-19_MID--AUDIO_17_R1_2018_wav--2
0.41892512632062473,0.2891566265060241,0.3421496904895892,0.21084060633899862,0.14552948636651872,0.17220033764772089,0.41065686724850714,0.28344958782498414,0.3353967360720315,0.2057877813504823,0.14204185161699429,0.1680735321703245,0.34175470831419386,0.23589093214965123,0.2791221159257175,0.16352779053743685,0.1128725428027901,0.1335584318139186,MIDI-Unprocessed_08_R1_2008_01-05_ORIG_MID--AUDIO_08_R1_2008_wav--3
0.3922018348623853,0.27968596663395484,0.3265228184074852,0.15642201834862385,0.11154726856395158,0.13022722932976896,0.3821100917431193,0.272489368662087,0.3181210616765323,0.1536697247706422,0.10958456002616945,0.12793584113041817,0.3155963302752294,0.2250572456656853,0.26274584685888863,0.12568807339449542,0.08963035655871769,0.10464006110368533,MIDI-UNPROCESSED_04-05_R1_2014_MID--AUDIO_04_R1_2014_wav--5
0.416641813301521,0.3497746619929895,0.3802912753504832,0.13510289293170294,0.11342013019529294,0.12331563903634137,0.40202803459588426,0.33750625938908363,0.3669524976180754,0.13033104682373994,0.10941412118177266,0.11896011977677963,0.3119594393080823,0.26189283925888834,0.2847420715938478,0.0972263644497465,0.08162243365047571,0.08874370491357017,MIDI-Unprocessed_R1_D2-13-20_mid--AUDIO-from_mp3_17_R1_2015_wav--3
0.36892602909316,0.3020015201418799,0.33212594037336307,0.13772825750541628,0.11274385609323537,0.12398996935079411,0.3519034354688951,0.288066886242716,0.31680133741989414,0.12968121324667287,0.10615657461363061,0.11674561159097242,0.27669452181987003,0.22650114010640993,0.2490944552800223,0.09749303621169916,0.07980744869521156,0.08776818055168571,ORIG-MIDI_01_7_6_13_Group__MID--AUDIO_04_R1_2013_wav--3
0.3528641571194763,0.2733265720081136,0.3080440062866124,0.10801963993453355,0.08367139959432049,0.09429918559794258,0.33617021276595743,0.260395537525355,0.2934704957851122,0.10343698854337152,0.08012170385395538,0.09029861408772681,0.25171849427168574,0.19497971602434078,0.2197456779539934,0.07692307692307693,0.0595841784989858,0.06715245035005002,MIDI-Unprocessed_05_R1_2008_01-04_ORIG_MID--AUDIO_05_R1_2008_wav--4
0.37244897959183676,0.38421052631578945,0.37823834196891193,0.1619047619047619,0.16701754385964912,0.16442141623488774,0.3517006802721088,0.36280701754385963,0.357167530224525,0.14931972789115647,0.15403508771929825,0.15164075993091536,0.2465986394557823,0.2543859649122807,0.2504317789291883,0.10034013605442177,0.10350877192982456,0.10189982728842834,MIDI-Unprocessed_SMF_02_R1_2004_01-05_ORIG_MID--AUDIO_02_R1_2004_08_Track08_wav
0.3915184678522572,0.375,0.3830812474902958,0.23009575923392614,0.22038784067085954,0.2251371971623611,0.37564979480164157,0.35980083857442346,0.3675545442377191,0.2210670314637483,0.21174004192872117,0.21630303841520546,0.2908344733242134,0.27856394129979034,0.28456699237049926,0.17264021887824899,0.16535639412997905,0.16891982331682506,MIDI-Unprocessed_12_R1_2006_01-08_ORIG_MID--AUDIO_12_R1_2006_07_Track07_wav
0.32363213038416766,0.44551282051282054,0.3749157113958193,0.0890570430733411,0.12259615384615384,0.10316925151719487,0.3073341094295693,0.4230769230769231,0.3560350640593392,0.08614668218859138,0.11858974358974358,0.09979770734996629,0.25844004656577413,0.3557692307692308,0.2993931220498988,0.07217694994179279,0.09935897435897435,0.08361429534726905,MIDI-Unprocessed_12_R3_2008_01-04_ORIG_MID--AUDIO_12_R3_2008_wav--3
0.44002411091018684,0.5214285714285715,0.4772801569140242,0.2875226039783002,0.3407142857142857,0.31186662307943774,0.4358047016274864,0.5164285714285715,0.47270349787512256,0.28511151295961423,0.33785714285714286,0.3092513893429225,0.3682941531042797,0.43642857142857144,0.39947695325269694,0.2435201928872815,0.2885714285714286,0.2641386073880353,MIDI-Unprocessed_R1_D1-9-12_mid--AUDIO-from_mp3_11_R1_2015_wav--5
0.32432432432432434,0.290798939795532,0.3066480335396287,0.05827702702702703,0.052252934494509656,0.05510081852665202,0.2934966216216216,0.2631578947368421,0.27750049910161706,0.05532094594594594,0.049602423324498296,0.052305849470952286,0.19805743243243243,0.17758424839076106,0.1872629267318826,0.03842905405405406,0.03445664521014767,0.036334597724096626,MIDI-Unprocessed_XP_08_R1_2004_04-06_ORIG_MID--AUDIO_08_R1_2004_05_Track05_wav--1
0.4083102493074792,0.4527027027027027,0.42936207398776577,0.1562326869806094,0.1732186732186732,0.16428779493154674,0.39778393351800556,0.44103194103194104,0.4182930381590446,0.15457063711911356,0.17137592137592136,0.16254005243227496,0.3174515235457064,0.35196560196560195,0.3338188173609088,0.12188365650969529,0.13513513513513514,0.1281677832799301,MIDI-Unprocessed_03_R2_2011_MID--AUDIO_R2-D1_06_Track06_wav
0.36348324069395316,0.5753132498000533,0.44549958711808413,0.1168940542361462,0.1850173287123434,0.14327002477291495,0.35758800741115043,0.5659824046920822,0.43827415359207267,0.11588344281623715,0.1834177552652626,0.14203137902559868,0.32272191342428835,0.5107971207677953,0.3955408753096615,0.10628263432710124,0.1682218075179952,0.13026424442609413,MIDI-Unprocessed_05_R1_2011_MID--AUDIO_R1-D2_12_Track12_wav
0.4078578110383536,0.6119298245614035,0.4894751613808588,0.20416276894293733,0.3063157894736842,0.24501824305360648,0.3992048643592142,0.5989473684210527,0.4790906539433062,0.20065481758652948,0.30105263157894735,0.24080830760595007,0.3571094480823199,0.5357894736842105,0.42857142857142855,0.18288119738072967,0.2743859649122807,0.2194779680044906,MIDI-Unprocessed_08_R1_2008_01-05_ORIG_MID--AUDIO_08_R1_2008_wav--2
0.4034275127373784,0.6063348416289592,0.4844945070226672,0.22301991662806855,0.3351896971806474,0.26783479349186484,0.39578508568781845,0.5948485903237034,0.4753163676818245,0.2207040296433534,0.3317090149669335,0.2650535391461549,0.34854099119962945,0.5238426731639402,0.4185787790293422,0.1952292728114868,0.29342151061608074,0.23445974134334588,ORIG-MIDI_03_7_10_13_Group_MID--AUDIO_17_R3_2013_wav--1
0.4254256526674234,0.6626591230551626,0.5181805613161896,0.2195232690124858,0.34193776520509195,0.2673855938061662,0.4206583427922815,0.6552333804809052,0.5123738421125398,0.218161180476731,0.3398161244695898,0.26572653117655193,0.3920544835414302,0.6106789250353607,0.4775335268906401,0.2043132803632236,0.31824611032531824,0.2488593944421402,MIDI-Unprocessed_052_PIANO052_MID--AUDIO-split_07-06-17_Piano-e_3-03_wav--3
0.4196258113783887,0.5998908296943232,0.49382161312064704,0.22985872470408553,0.32860262008733626,0.27050101100876206,0.40893470790378006,0.5846069868995634,0.48124017074814646,0.22527682321496756,0.3220524017467249,0.26510896427769043,0.33104238258877433,0.4732532751091703,0.38957537631992806,0.18022145857197402,0.2576419213973799,0.2120871714221523,ORIG-MIDI_03_7_6_13_Group__MID--AUDIO_09_R1_2013_wav--3
0.4318308291597106,0.603656164916375,0.5034874290348743,0.2278797996661102,0.3185530921820303,0.26569343065693435,0.42237061769616024,0.5904317386231038,0.49245742092457423,0.22203672787979967,0.3103850641773629,0.2588807785888078,0.34835837506956036,0.4869700505639829,0.40616382806163825,0.18224819143016138,0.2547646830027227,0.21248986212489865,MIDI-Unprocessed_XP_14_R1_2004_04_ORIG_MID--AUDIO_14_R1_2004_04_Track04_wav
0.21604010025062656,0.49257142857142855,0.30034843205574907,0.045112781954887216,0.10285714285714286,0.0627177700348432,0.21102756892230576,0.48114285714285715,0.29337979094076655,0.04461152882205514,0.10171428571428572,0.06202090592334494,0.1724310776942356,0.3931428571428571,0.23972125435540073,0.03759398496240601,0.08571428571428572,0.05226480836236933,MIDI-Unprocessed_XP_14_R1_2004_04_ORIG_MID--AUDIO_14_R1_2004_05_Track05_wav
